{"links": [[1047265, 1018488, 2861], [1018822, 1018688, 9162], [1021266, 1018688, 6240], [1018732, 1018695, 151], [1018732, 1018695, 2741], [1042098, 1018695, 151], [1042098, 1018695, 2741], [1018695, 1018732, 151], [1018695, 1018732, 2741], [1038768, 1018732, 2161], [1038768, 1018732, 2741], [1042028, 1018732, 2161], [1042028, 1018732, 2892], [1042098, 1018732, 151], [1042098, 1018732, 2741], [1024573, 1018794, 10683], [1018688, 1018822, 9162], [1021266, 1018822, 9162], [1018688, 1021266, 6240], [1018822, 1021266, 9162], [1018794, 1024573, 10683], [1018732, 1038768, 2161], [1018732, 1038768, 2741], [1042028, 1038768, 2161], [1042028, 1038768, 2892], [1042098, 1038768, 2741], [1018732, 1042028, 2161], [1018732, 1042028, 2892], [1038768, 1042028, 2161], [1038768, 1042028, 2892], [1042098, 1042028, 2892], [1018695, 1042098, 151], [1018695, 1042098, 2741], [1018732, 1042098, 151], [1018732, 1042098, 2741], [1038768, 1042098, 2741], [1042028, 1042098, 2892], [1018488, 1047265, 2861]], "nodes": [[1021094, "JAMES JOHNSON", "AMERICAN UNITED LIFE", 0.76139], [1021266, "ALAN NADOLNA", "Alchemy Advisor", 0.76139], [1023932, "JEFFREY HEMKER", "INVESCO DISTRIBUTOR", 0.76139], [1024573, "DENNIS DUVAL", "MML INVESTORS SERVICE", 0.76139], [1025410, "CARL KOZLOWSKI", "JOHN HANCOCK LIFE INS. CO.", 0.76139], [1025857, "DAVID ANDREWS", "PRINCIPAL LIFE INSURANCE CO", 0.76139], [1026144, "ROBERT ELMES", "JEFFERSON PILOT SECURITIES", 0.76139], [1028039, "BRADLEY LESSEM", "FIRST WESTERN SECURITIE", 0.76139], [1029796, "KENNETH MASCARI", "KPM ASSET MANAGEMEN", 0.76139], [1029920, "DAVID WARRICK", "BROKERS INTERNATIONAL FINANCIAL SERVICES", 0.76139], [1030518, "STEVEN KELLER", "NELSON SECURITIE", 0.76139], [1035537, "LOUIS KNOX", "ASSOCIATED SECURITIES CORP.", 0.76139], [1036200, "STEPHEN EBBECKE", "LINCOLN FINANCIAL SECURITIES CORPORATION", 0.76139], [1037702, "TIMOTHY MCSOLEY", "LINCOLN FINANCIAL ADVISORS CORP", 0.76139], [1038768, "RALPH PICASCIO", "UBS FINANCIAL SERVICES INC", 0.76139], [1041526, "RUSSELL HARTSOUGH", "ROYAL ALLIANCE ASSOCIATE", 0.76139], [1042028, "JOSEPH KLAGES", "WELLS FARGO ADVISORS LLC", 0.76139], [1042098, "ARTHUR ZEITZ", "WELLS FARGO CLEARING SERVICE", 0.76139], [1046321, "WILLIAM WEICKERT", "H. M. PAYSON & CO.", 0.76139], [1047265, "CHRISTOPHER SMITH", "MORGAN STANLEY SMITH BARNEY", 0.76139], [1018484, "RICHARD POSEN", "COMMONWEALTH EQUITY SERVICE", 0.00886], [1018484, "RICHARD POSEN", "COMMONWEALTH EQUITY SERVICE", 0.00886], [1018488, "WILLIAM JOHNSON", "ROBERT W. BAIRD & CO.", 0.00886], [1018489, "NORMAN SIMON", "ESSENTIAL STRATEGIES LLC", 0.00886], [1018494, "KEVIN KELLY", "UBS FINANCIAL SERVICES INC.", 0.00886], [1018501, "JOSEPH FLYNN", "LINCOLN FINANCIAL ADVISORS CORPORATION", 0.00886], [1018511, "DUGAN MCLAUGHLIN", "BANK OF AMERIC", 0.00886], [1018539, "PETER ELLIOTT", "NORTHWESTERN MUTUAL INVESTMENT SERVICE", 0.00886], [1018555, "LARRY KUYPER", "T.D. AMERITRADE INST. SERV.", 0.00886], [1018602, "NANCY HOLSTEIN", "VOYA FINANCIAL ADVISOR", 0.00886], [1018614, "DAVID BARRETT", "Sterling Capital Distributor", 0.00886], [1018643, "SHELLEY SCHLOSSBERG", "LPL FINANCIAL LLC (FORMERLY: LINSCO/PRIVATE LEDGER CORP.)", 0.00886], [1018648, "DAVID IDSO", "INTERACTIVE FINANCIAL ADVISORS", 0.00886], [1018654, "GREGORY SCHAEFFER", "COORDINATED CAPITAL SECURITIE", 0.00886], [1018688, "RONALD WROBEL", "Horizon Wealth Managemen", 0.00886], [1018695, "GREGORY HAYES", "WELLS FARGO CLEARING SERVICE", 0.00886], [1018705, "WILLIAM LARMER", "ARMIN", 0.00886], [1018732, "PAUL GREEN", "WELLS FARGO CLEARING SERVICE", 0.00886], [1018744, "MARK JOHNSON", "OPTIMUM INVESTMENT ADVISOR", 0.00886], [1018794, "KEITH DERAS", "ASSMUTUA", 0.00886], [1018822, "STEPHEN GUY", "HOUSEHOLDER GROUP ESTATE & RETIREMENT SPECIALISTS", 0.00886]]}